<?xml version="1.0" encoding="UTF-8"?>
<beans xmlns="http://www.springframework.org/schema/beans"
 xmlns:xsi="http://www.w3.org/2001/XMLSchema-instance"
 xmlns:context="http://www.springframework.org/schema/context"
  xmlns:tx="http://www.springframework.org/schema/tx"
 xsi:schemaLocation="http://www.springframework.org/schema/beans
 http://www.springframework.org/schema/beans/spring-beans.xsd
 http://www.springframework.org/schema/context
 http://www.springframework.org/schema/context/spring-context.xsd
  http://www.springframework.org/schema/tx
 http://www.springframework.org/schema/tx/spring-tx.xsd">
 
 <tx:annotation-driven/>
 
 <context:component-scan base-package="product"/>
 <bean class="org.springframework.web.servlet.view.InternalResourceViewResolver" name="viewResolver">
    <property name="prefix" value="/product/src/main/webapp/WEB-INF/views"/>
    <property name="suffix" value=".jsp"/>
 </bean>
 
 <!-- data source-->
  <bean class="org.springframework.jdbc.datasource.DriverManagerDataSource" name="ds">
 <property name="driverClassName" value="com.mysql.jdbc.Driver"/>
 <property name="url" value="jdbc:mysql://localhost:3306/productcrud"/>
 <property name="username" value="root"/> 
 <property name="passward" value="Amit2425"/>
 </bean>
 
 <bean class="org.springframework.orm.hibernate5.LocalSessionFactoryBean" name="factory">
 <!-- datasource -->
 <property name="dataSource" ref="ds"></property>
 <!-- Hibernate Properties-->
 <property name="hibernateproperties">
 <props >
 <prop key="hibernate.dialect">org.hibernate.dialect.MySQL5Dialect</prop>
 <prop key="hibernate.show_sql">true</prop>
 <prop key="hibernate.hbm2ddl.auto">update</prop>
 </props>
 </property>
 <!-- Annotation class-->
 <property name="annotatedClasses">
 <list>
 <value>product.model.Product</value>
 </list>
 </property>
 </bean>
 
 <bean class="org.springframework.orm.hibernate5.HibernateTemplate"
  name="hibernateTemplate">
 <property name="sessionFactory" ref="factory"></property>
 </bean>
 
 <bean class="org.springframework.orm.hibernate5.HibernateTransactionManager"
     name="transactionManager">
 <property name="sessionFactory" ref="factory"></property>
 </bean>
 </beans>